법정동코드,법정동명,폐지여부
4215000000,강원특별자치도 강릉시,존재
4217000000,강원특별자치도 동해시,존재
4223000000,강원특별자치도 삼척시,존재
4221000000,강원특별자치도 속초시,존재
4213000000,강원특별자치도 원주시,존재
4277000000,강원특별자치도 정선군,존재
4211000000,강원특별자치도 춘천시,존재
4219000000,강원특별자치도 태백시,존재
4276000000,강원특별자치도 평창군,존재
4272000000,강원특별자치도 홍천군,존재
4273000000,강원특별자치도 횡성군,존재
4182000000,경기도 가평군,존재
4128000000,경기도 고양시,존재
4129000000,경기도 과천시,존재
4121000000,경기도 광명시,존재
4161000000,경기도 광주시,존재
4131000000,경기도 구리시,존재
4141000000,경기도 군포시,존재
4157000000,경기도 김포시,존재
4136000000,경기도 남양주시,존재
4125000000,경기도 동두천시,존재
4119000000,경기도 부천시,존재
4113000000,경기도 성남시,존재
4111000000,경기도 수원시,존재
4139000000,경기도 시흥시,존재
4127000000,경기도 안산시,존재
4155000000,경기도 안성시,존재
4117000000,경기도 안양시,존재
4117100000,경기도 안양시만안구,존재
4163000000,경기도 양주시,존재
4173000000,경기도 양평군,존재
4167000000,경기도 여주시,존재
4137000000,경기도 오산시,존재
4146000000,경기도 용인시,존재
4143000000,경기도 의왕시,존재
4115000000,경기도 의정부시,존재
4150000000,경기도 이천시,존재
4148000000,경기도 파주시,존재
4122000000,경기도 평택시,존재
4165000000,경기도 포천시,존재
4145000000,경기도 하남시,존재
4159000000,경기도 화성시,존재
4831000000,경상남도 거제시,존재
4825000000,경상남도 김해시,존재
4827000000,경상남도 밀양시,존재
4824000000,경상남도 사천시,존재
4833000000,경상남도 양산시,존재
4817000000,경상남도 진주시,존재
4812000000,경상남도 창원시,존재
4822000000,경상남도 통영시,존재
4729000000,경상북도 경산시,존재
4713000000,경상북도 경주시,존재
4719000000,경상북도 구미시,존재
4715000000,경상북도 김천시,존재
4725000000,경상북도 상주시,존재
4717000000,경상북도 안동시,존재
4721000000,경상북도 영주시,존재
4723000000,경상북도 영천시,존재
4711000000,경상북도 포항시,존재
2920000000,광주광역시 광산구,존재
2915500000,광주광역시 남구,존재
2911000000,광주광역시 동구,존재
2917000000,광주광역시 북구,존재
2914000000,광주광역시 서구,존재
2720000000,대구광역시 남구,존재
2729000000,대구광역시 달서구,존재
2771000000,대구광역시 달성군,존재
2714000000,대구광역시 동구,존재
2723000000,대구광역시 북구,존재
2717000000,대구광역시 서구,존재
2726000000,대구광역시 수성구,존재
2711000000,대구광역시 중구,존재
3023000000,대전광역시 대덕구,존재
3011000000,대전광역시 동구,존재
3017000000,대전광역시 서구,존재
3020000000,대전광역시 유성구,존재
3014000000,대전광역시 중구,존재
2644000000,부산광역시 강서구,존재
2641000000,부산광역시 금정구,존재
2671000000,부산광역시 기장군,존재
2629000000,부산광역시 남구,존재
2617000000,부산광역시 동구,존재
2626000000,부산광역시 동래구,존재
2623000000,부산광역시 부산진구,존재
2632000000,부산광역시 북구,존재
2653000000,부산광역시 사상구,존재
2638000000,부산광역시 사하구,존재
2614000000,부산광역시 서구,존재
2650000000,부산광역시 수영구,존재
2647000000,부산광역시 연제구,존재
2620000000,부산광역시 영도구,존재
2611000000,부산광역시 중구,존재
2635000000,부산광역시 해운대구,존재
1168000000,서울특별시 강남구,존재
1174000000,서울특별시 강동구,존재
1130500000,서울특별시 강북구,존재
1150000000,서울특별시 강서구,존재
1162000000,서울특별시 관악구,존재
1121500000,서울특별시 광진구,존재
1153000000,서울특별시 구로구,존재
1154500000,서울특별시 금천구,존재
1135000000,서울특별시 노원구,존재
1132000000,서울특별시 도봉구,존재
1123000000,서울특별시 동대문구,존재
1159000000,서울특별시 동작구,존재
1144000000,서울특별시 마포구,존재
1141000000,서울특별시 서대문구,존재
1165000000,서울특별시 서초구,존재
1120000000,서울특별시 성동구,존재
1129000000,서울특별시 성북구,존재
1171000000,서울특별시 송파구,존재
1147000000,서울특별시 양천구,존재
1156000000,서울특별시 영등포구,존재
1117000000,서울특별시 용산구,존재
1138000000,서울특별시 은평구,존재
1111000000,서울특별시 종로구,존재
1114000000,서울특별시 중구,존재
1126000000,서울특별시 중랑구,존재
3611000000,세종특별자치시 세종시,존재
3114000000,울산광역시 남구,존재
3117000000,울산광역시 동구,존재
3120000000,울산광역시 북구,존재
3171000000,울산광역시 울주군,존재
3111000000,울산광역시 중구,존재
2824500000,인천광역시 계양구,존재
2820000000,인천광역시 남동구,존재
2814000000,인천광역시 동구,존재
2817700000,인천광역시 미추홀구,존재
2823700000,인천광역시 부평구,존재
2826000000,인천광역시 서구,존재
2818500000,인천광역시 연수구,존재
2811000000,인천광역시 중구,존재
4623000000,전라남도 광양시,존재
4617000000,전라남도 나주시,존재
4611000000,전라남도 목포시,존재
4615000000,전라남도 순천시,존재
4613000000,전라남도 여수시,존재
4683000000,전라남도 영암군,존재
4682000000,전라남도 해남군,존재
4513000000,전북특별자치도 군산시,존재
4521000000,전북특별자치도 김제시,존재
4519000000,전북특별자치도 남원시,존재
4514000000,전북특별자치도 익산시,존재
4511000000,전북특별자치도 전주시,존재
4518000000,전북특별자치도 정읍시,존재
5013000000,제주특별자치도 서귀포시,존재
5011000000,제주특별자치도 제주시,존재
4415000000,충청남도 공주시,존재
4471000000,충청남도 금산군,존재
4423000000,충청남도 논산시,존재
4427000000,충청남도 당진시,존재
4418000000,충청남도 보령시,존재
4476000000,충청남도 부여군,존재
4421000000,충청남도 서산시,존재
4420000000,충청남도 아산시,존재
4481000000,충청남도 예산군,존재
4413000000,충청남도 천안시,존재
4480000000,충청남도 홍성군,존재
4375000000,충청북도 괴산군,존재
4372000000,충청북도 보은군,존재
4374000000,충청북도 영동군,존재
4373000000,충청북도 옥천군,존재
4377000000,충청북도 음성군,존재
4315000000,충청북도 제천시,존재
4376000000,충청북도 진천군,존재
4311000000,충청북도 청주시,존재
4313000000,충청북도 충주시,존재
