asset_id,politician_id,의원명,정당,관계,신고내용,신고가_억,실거래추정_억,아파트명_정정,거래일,출처_메모
5100,P7f61ae4,최수진,국민의힘,본인,경기도 성남시 분당구 정자동 아이파크분당1 건물172.62㎡,14.8,,,,
1600,P08d2805,박균택,국회,본인,서울특별시 강남구 일원동 건물 84.71㎡ 중 50.82㎡,12.5,,,,
2668,P054d574,손명수,국회,본인,서울특별시 송파구 오금동 현대2-4차 건물 84.98㎡,12.0,,,,
3036,P32933ca,양부남,더불어민주당,배우자,광주광역시 남구 봉선동 한국아델리움 건물 155.82㎡,10.8,,,,
2821,Pc9d4582,신동욱,국회,본인,서울특별시 용산구 이촌동 건물 135.87㎡ 중 95.11㎡,10.1,,,,
5504,Pf82afad,김상수,국회,본인,서울특별시 송파구 잠실동 리센츠아파트 건물 85.00㎡ 중42.50㎡,9.4,,,,
5507,Pf82afad,김상수,국회,배우자,서울특별시 송파구 잠실동 리센츠아파트 건물 85.00㎡ 중42.50㎡,9.4,,,,
1603,P08d2805,박균택,국회,배우자,서울특별시 강남구 일원동 건물 84.71㎡ 중 33.88㎡,8.4,,,,
3818,P3b45a5a,이인선,더불어민주당,배우자,대구광역시 수성구 수성동3가 수성 코오롱 하늘채 건물149.81㎡,8.3,,,,
3091,P7a3a7f4,염태영,국회,배우자,경기도 수원시 권선구 권선동 수원아이파크시티2단지 건물123.60㎡,8.0,,,,
937,Pe931007,김용민,국회,배우자,경기도 남양주시 다산동 플루리움 건물 162.45㎡ (건물162.45㎡ 증가),8.0,,,,
2561,P6e4e412,서지영,국회,본인,서울특별시 송파구 장지동 건물 84.93㎡,7.9,,,,
5503,Pf82afad,김상수,국회,본인,서울특별시 송파구 신천동 장미아파트 건물 82.45㎡ 중41.23㎡,7.8,,,,
5506,Pf82afad,김상수,국회,배우자,서울특별시 송파구 신천동 장미아파트 건물 82.45㎡ 중41.22㎡,7.8,,,,
1959,P16309fa,박정하,국회,본인,서울특별시 영등포구 당산동4가 당산금호어울림 건물84.25㎡,7.8,,,,
1288,Pc00c80b,김현,국회,본인,경기도 안산시 상록구 성포동 안산파크푸르지오 건물84.52㎡,7.6,,,,
2075,Pc5bffbc,박지혜,국회,본인,서울특별시 광진구 광장동 현대홈타운12차 건물 143.86㎡중 71.93㎡,7.4,,,,
2077,Pc5bffbc,박지혜,국회,배우자,서울특별시 광진구 광장동 현대홈타운12차 건물 143.86㎡중 71.93㎡,7.4,,,,
5650,Pa80fca9,박재유,국회,본인,서울특별시 서초구 방배동 브라운스톤방배 건물 114.65㎡중 57.33㎡,7.3,,,,
5652,Pa80fca9,박재유,국회,배우자,서울특별시 서초구 방배동 브라운스톤방배 건물 114.65㎡중 57.32㎡,7.3,,,,
4027,P755713e,이준석,국회,본인,서울특별시 노원구 상계동 건물 84.90㎡,7.3,,,,
6020,P05cb629,현은희,국회,본인,서울특별시 영등포구 양평동3가 현대6 건물 84.94㎡,6.8,,,,
3373,Pac3d9c9,윤한홍,국회,배우자,경상남도 창원시 성산구 신월동 신월2주택재건축정비사업조합 건물 103.47㎡,6.7,,,,
777,P340ebd6,김성원,국회,배우자,경기도 성남시 수정구 단대동 푸르지오 건물 114.88㎡,6.6,,,,
3971,Pd5db5cc,이종욱,국회,본인,경기도 과천시 부림동 건물 83.20㎡ 중 41.60㎡,6.4,,,,
3974,Pd5db5cc,이종욱,국회,배우자,경기도 과천시 부림동 건물 83.20㎡ 중 41.60㎡,6.4,,,,
722,P7365e84,김석기,국회,본인,경기도 광명시 하안1동 이편한세상 센트레빌아파트 건물123.70㎡,6.3,,,,
148,Pafd35f2,강선우,더불어민주당,배우자,서울특별시 강남구 대치동 은마아파트 건물 94.76㎡ 중33.17㎡,6.2,,,,
5907,Pd315152,홍지숙,국회,본인,서울특별시 동작구 흑석동 흑석리버파크자이 건물 84.94㎡중 46.72㎡,6.2,,,,
4439,P35df5c0,전진숙,국회,본인,경기도 화성시 장지동 동탄2신도시 호반베르디움 33단지건물 76.77㎡,6.0,,,,
4881,P4d48574,조지연,국회,본인,세종특별자치시 나성동 나릿재마을2단지 건물 84.97㎡,5.9,,,,
3460,Pb32cd36,이건태,국회,본인,서울특별시 서초구 신원동 건물 101.47㎡ 중 50.73㎡,5.9,,,,
3463,Pb32cd36,이건태,국회,배우자,서울특별시 서초구 신원동 건물 101.47㎡ 중 50.73㎡,5.9,,,,
5750,P4944b14,이옥순,국회,본인,경기도 안양시 동안구 비산동 평촌자이아이파크 건물84.99㎡,5.8,,,,
623,P43488ab,김민전,국회,본인,서울특별시 성동구 금호동1가 이편한세상 금호파크힐스 건물 84.95㎡ 중 42.48㎡,5.6,,,,
626,P43488ab,김민전,국회,배우자,서울특별시 성동구 금호동1가 이편한세상 금호파크힐스 건물 84.95㎡ 중 42.48㎡,5.6,,,,
3996,Pfcfc4ed,이주영,국민의힘,배우자,서울특별시 송파구 신천동 잠실르엘 건물 106.82㎡ (건물106.82㎡ 증가),5.6,,,,
1605,P08d2805,박균택,국회,차녀,서울특별시 강남구 개포동 건물 49.86㎡ 중 16.62㎡,5.5,,,,
4579,P1445fa9,정준호,국회,본인,서울특별시 서초구 신원동 힐스테이트서초젠트리스 건물84.00㎡ 중 42.00㎡,5.4,,,,
4583,P1445fa9,정준호,국회,배우자,서울특별시 서초구 신원동 힐스테이트서초젠트리스 건물84.00㎡ 중 42.00㎡,5.4,,,,
1313,P3c73d0b,김형동,국회,본인,경기도 고양시 일산서구 주엽동 문촌마을 건물 134.97㎡,5.2,,,,
5908,Pd315152,홍지숙,국회,배우자,서울특별시 동작구 흑석동 흑석리버파크자이 건물 84.94㎡중 38.22㎡,5.1,,,,
622,P43488ab,김민전,국회,본인,경기도 성남시 분당구 이매동 건물 117.12㎡ 중 58.56㎡,5.0,,,,
625,P43488ab,김민전,국회,배우자,경기도 성남시 분당구 이매동 건물 117.12㎡ 중 58.56㎡,5.0,,,,
5654,Pa80fca9,박재유,국회,모,경기도 남양주시 다산동 플루리움 건물 162.45㎡,4.9,,,,
1233,Pc72bc24,김태선,국회,배우자,울산광역시 동구 전하동 울산전하푸르지오 건물 121.97㎡,4.9,,,,
750,Pfe0435a,김선교,국회,장남,경기도 양평군 양평읍 양근리 더샵양평리버포레 건물 84.96㎡,4.8,,,,
2518,P80da261,서영석,국회,배우자,경기도 부천시 오정구 여월동 여월휴먼시아 건물 84.95㎡,4.8,,,,
3907,Pe6752c4,이재정,국회,본인,경기도 안양시 동안구 호계동 호계2차현대홈타운 건물115.07㎡,4.8,,,,
664,Pea3d942,김병주,국회,본인,서울특별시 노원구 공릉동 건물 114.88㎡,4.8,,,,
3687,P712fa41,이수진,국회,본인,경기도 성남시 중원구 중앙동 건물 84.00㎡,4.7,,,,
5073,P1ce21b9,최민희,국회,배우자,경기도 남양주시 다산동 플루리움 건물 162.45㎡,4.7,,,,
4722,P82e0f6f,조계원,국회,본인,서울특별시 동대문구 답십리동 래미안위브 건물 121.94㎡중 60.97㎡,4.6,,,,
4726,P82e0f6f,조계원,국회,배우자,서울특별시 동대문구 답십리동 래미안위브 건물 121.94㎡중 60.97㎡,4.6,,,,
5869,P415d28b,김종수,국회,본인,경기도 양주시 덕계동 대광로제비앙 건물 71.00㎡,4.6,,,,
5104,P7f61ae4,최수진,국민의힘,본인,강원특별자치도 평창군 대관령면 횡계리 더리치먼드 평창건물 83.95㎡,4.6,,,,
4829,Pf1aa250,조인철,국회,배우자,세종특별자치시 반곡동 수루배마을1단지 건물 97.00㎡ 중78.00㎡,4.4,,,,
4348,P4373684,장종태,국회,본인,대전광역시 서구 만년동 강변아파트 건물 127.71㎡,4.4,,,,
5653,Pa80fca9,박재유,국회,모,경기도 남양주시 다산동 플루리움 건물 134.87㎡,4.4,,,,
2824,Pc9d4582,신동욱,국회,배우자,서울특별시 용산구 이촌동 건물 135.87㎡ 중 40.76㎡,4.3,,,,
1901,Pec3208c,박수현,국회,배우자,충청남도 공주시 금흥동 공주월송 지평더웰 건물 84.97㎡(건물 84.97㎡ 증가),4.3,,,,
5950,Pe83bd4f,장지원,국회,배우자,서울특별시 구로구 고척동 대우 건물 84.99㎡,4.1,,,,
4847,P46fc635,조정식,국회,배우자,경기도 시흥시 정왕동 배곧신도시 SK뷰 건물 84.50㎡,4.0,,,,
2787,Pb113879,송옥주,국회,본인,경기도 화성시 향남읍 행정리향남시범넓은들마을신명스카이뷰 건물 84.98㎡,4.0,,,,
3074,Pb3073fe,엄태영,국회,배우자,서울특별시 강서구 가양동 도시개발9 건물 49.50㎡,3.9,,,,
1798,Pb416599,박성민,국회,본인,울산광역시 중구 남외동 에일린의뜰 건물 156.86㎡,3.9,,,,
836,P360bf7f,김승원,국회,배우자,경기도 수원시 장안구 이목동 디에트르더리체1차아파트건물 84.97㎡ (건물 84.97㎡ 증가),3.9,,,,
5835,Pb62fbfc,전재현,국회,부,경기도 고양시 덕양구 행신동 소만마을 성원아파트 건물59.34㎡,3.8,,,,
333,P4385bd2,권영진,국회,본인,서울특별시 노원구 중계동 건영3 건물 84.90㎡ 중 42.45㎡,3.7,,,,
335,P4385bd2,권영진,국회,배우자,서울특별시 노원구 중계동 건영3 건물 84.90㎡ 중 42.45㎡,3.7,,,,
901,Pcf9bd33,김영환,국회,배우자,대구광역시 달서구 상인동 상인역 e-편한세상 2단지 건물101.97㎡,3.7,,,,
2712,Pf7071be,송석준,국회,본인,경기도 의왕시 포일동 포일숲속마을 건물 134.82㎡ 중67.41㎡,3.5,,,,
2714,Pf7071be,송석준,국회,배우자,경기도 의왕시 포일동 포일숲속마을 건물 134.82㎡ 중67.41㎡,3.5,,,,
1230,Pc72bc24,김태선,국회,본인,경기도 고양시 덕양구 행신동 행신2차에스케이뷰아파트건물 84.90㎡,3.5,,,,
1515,P53f5635,문진석,국회,배우자,충청남도 천안시 동남구 청당동 청당마을벽산블루밍 건물143.31㎡,3.5,,,,
3513,P12c43d0,이달희,국회,배우자,대구광역시 북구 구암동 미래타운 건물 134.99㎡,3.5,,,,
3311,P0fdd30b,윤종군,국회,배우자,경기도 안성시 공도읍 승두리 쌍용더플래티넘프리미어건물 84.96㎡,3.2,,,,
4600,P3f111e2,정진욱,국회,배우자,광주광역시 남구 봉선동 무등파크아파트 건물 141.32㎡,3.1,,,,
5321,Pcd17f25,허성무,국회,본인,경상남도 창원시 성산구 상남동 대동아파트 건물 132.18㎡,3.1,,,,
3859,Pe316657,이재강,국회,배우자,부산광역시 연제구 연산동 연산엘지 건물 175.98㎡,3.1,,,,
2807,P9fff05f,송재봉,국회,본인,충청북도 청주시 청원구 오창읍 각리 코아루아파트 건물84.97㎡,3.0,,,,
365,Pe675720,권향엽,국회,본인,서울특별시 영등포구 신길동 우성1 건물 83.64㎡ 중41.82㎡,3.0,,,,
367,Pe675720,권향엽,국회,배우자,서울특별시 영등포구 신길동 우성1 건물 83.64㎡ 중41.82㎡,3.0,,,,
350,P8078353,권칠승,국회,본인,경기도 화성시 병점동 정든마을신창비바페밀리 2차 건물 101.98㎡,2.9,,,,
3075,Pb3073fe,엄태영,국회,배우자,충청북도 제천시 하소동 제천 그린코아루 아파트 건물84.98㎡,2.9,,,,
5659,Pa80fca9,박재유,국회,차남,경기도 안양시 동안구 비산동 평촌자이아이파크 건물45.58㎡ (건물 45.58㎡ 증가),2.9,,,,
3329,P0d4b034,윤종오,국회,본인,울산광역시 북구 명촌동 평창리비에르2차 건물 84.55㎡,2.8,,,,
3432,Pef8fa3c,이개호,국회,배우자,광주광역시 북구 운암동 나산건강아파트 건물 183.99㎡,2.8,,,,
1735,P157e042,박범계,국회,본인,대전광역시 서구 둔산동 파랑새아파트 건물 84.95㎡,2.8,,,,
1912,P73c1cd6,박용갑,국회,배우자,대전광역시 중구 태평동 버드내1 건물 101.73㎡,2.8,,,,
817,P399adf6,김승수,국회,본인,경기도 고양시 일산동구 마두2동 강촌마을 동아아파트건물 77.01㎡,2.7,,,,
818,P399adf6,김승수,국회,배우자,경기도 고양시 일산동구 마두동 강촌마을 동아아파트 건물154.02㎡ 중 77.01㎡,2.7,,,,
3874,P049e624,이재관,국회,본인,세종특별자치시 다정동 가온마을6단지 건물 59.98㎡,2.7,,,,
2274,Pd2270ac,백선희,국회,본인,경기도 고양시 일산동구 마두동 백마마을2단지아파트 건물132.80㎡ 중 66.40㎡,2.7,,,,
2275,Pd2270ac,백선희,국회,배우자,경기도 고양시 일산동구 마두동 백마마을2단지아파트 건물132.80㎡ 중 66.40㎡,2.7,,,,
78,P672cfe6,강대식,국민의힘,본인,대구광역시 동구 신서동 신서화성파크드림 건물 84.87㎡,2.6,,,,
5795,Pc1a40ed,곽현,국회,배우자,경기도 수원시 영통구 영통동 청명마을주공(아) 건물59.99㎡,2.6,,,,
1455,P2367291,문금주,국회,배우자,광주광역시 동구 학동 금호베스트빌 건물 126.27㎡,2.5,,,,
5165,Pfc040ad,최혁진,국회,본인,강원특별자치도 원주시 단구동 현진에버빌6차 건물153.00㎡,2.5,,,,
2276,Pd2270ac,백선희,국회,모,경기도 고양시 덕양구 화정동 달빛마을3단지아파트 건물84.95㎡,2.5,,,,
4388,Pad63ed0,전재수,국회,모,부산광역시 북구 만덕동 더 래디언트 금정산 건물 84.95㎡(건물 84.95㎡ 증가),2.5,,,,
5731,P094fd72,곽현준,국회,본인,인천광역시 중구 운서동 영종어울림1차 건물 126.28㎡,2.4,,,,
4444,P35df5c0,전진숙,국회,모,전북특별자치도 전주시 완산구 중인동 옥성골든카운티건물 84.73㎡,2.4,,,,
2376,Pd6ea83f,복기왕,국회,배우자,충청남도 아산시 용화동 신도브래뉴 건물 126.57㎡,2.3,,,,
396,Pde639f7,김교흥,국회,본인,인천광역시 서구 청라동 청라 한라비발디 건물 113.67㎡중 56.83㎡,2.3,,,,
398,Pde639f7,김교흥,국회,배우자,인천광역시 서구 청라동 청라 한라비발디 건물 113.67㎡중 56.83㎡,2.3,,,,
3938,P4de6780,이정헌,국회,모,광주광역시 서구 풍암동 풍암부영2차 건물 80.19㎡,2.2,,,,
1482,Pe31f34f,문대림,국회,본인,제주특별자치도 제주시 애월읍 하귀1리제주하귀휴먼시아2단지 건물 84.60㎡ 중 42.30㎡,2.1,,,,
1483,Pe31f34f,문대림,국회,배우자,제주특별자치도 제주시 애월읍 하귀1리제주하귀휴먼시아2단지 건물 84.60㎡ 중 42.30㎡,2.1,,,,
900,Pcf9bd33,김영환,국회,배우자,경기도 고양시 일산서구 일산동 동문굿모닝힐2차아파트건물 84.96㎡,2.1,,,,
2444,Pc5ef66f,서미화,국회,배우자,전라남도 목포시 옥암동 한국아델리움 건물 103.23㎡,2.1,,,,
2293,P0ffc23b,백승아,국회,본인,강원특별자치도 원주시 반곡동 원주혁신도시제일풍경채센텀포레 건물 140.59㎡ 중70.29㎡,2.1,,,,
2294,P0ffc23b,백승아,국회,배우자,강원특별자치도 원주시 반곡동 원주혁신도시제일풍경채센텀포레 건물 140.59㎡ 중70.29㎡,2.1,,,,
5274,Pad37ec6,한준호,국회,배우자,경기도 고양시 일산서구 탄현동 건물 122.20㎡,2.0,,,,
5183,Pfd1ccb5,최형두,국회,본인,경상남도 창원시 마산합포구 월영동 동아1차아파트 건물84.84㎡,2.0,,,,
837,P360bf7f,김승원,국회,부,경기도 수원시 장안구 정자동 동남타운아파트 건물84.86㎡,1.9,,,,
3464,Pb32cd36,이건태,국회,배우자,"서울특별시 마포구 상수동 래미안밤섬리베뉴Ⅰ 건물84.99㎡ 중 15.45㎡ (건물 총면적 84.99㎡ 증가, 지분면적15.45㎡ 증가)",1.8,,,,
4474,Pbd5cdb2,정동만,국회,배우자,부산광역시 기장군 기장읍 동부리 부산기장포스코더샾건물 84.90㎡,1.8,,,,
5879,P287198a,김철빈,국회,본인,강원특별자치도 춘천시 온의동 춘천센트럴파크푸르지오건물 84.90㎡ 중 42.45㎡,1.8,,,,
5880,P287198a,김철빈,국회,배우자,강원특별자치도 춘천시 온의동 춘천센트럴파크푸르지오건물 84.90㎡ 중 42.45㎡,1.8,,,,
2377,Pd6ea83f,복기왕,국회,배우자,충청남도 아산시 모종동 모종2차한성필하우스 건물84.91㎡,1.7,,,,
3975,Pd5db5cc,이종욱,국회,모,경상남도 창원시 진해구 풍호동 우성아파트 건물 84.77㎡중 84.77㎡,1.7,,,,
2378,Pd6ea83f,복기왕,국회,모,충청남도 아산시 용화동 아산용화엘크루 건물 84.92㎡,1.6,,,,
3128,Pefad21e,용혜인,국회,부,경기도 안산시 상록구 사동 안산고잔7차푸르지오 건물89.21㎡ 중 44.60㎡,1.5,,,,
3129,Pefad21e,용혜인,국회,모,경기도 안산시 상록구 사동 안산고잔7차푸르지오 건물89.21㎡ 중 44.60㎡,1.5,,,,
3308,P0fdd30b,윤종군,국회,본인,경기도 안성시 공도읍 만정리 디자인시티블루밍 건물130.10㎡ 중 65.05㎡,1.5,,,,
3310,P0fdd30b,윤종군,국회,배우자,경기도 안성시 공도읍 만정리 디자인시티블루밍 건물130.10㎡ 중 65.05㎡,1.5,,,,
5491,P941495c,조오섭,국회,배우자,광주광역시 북구 문흥동 금호타운 건물 84.84㎡,1.4,,,,
80,P672cfe6,강대식,국민의힘,배우자,대구광역시 동구 신서동 신서 풍경마을 건물 72.74㎡,1.4,,,,
5090,P642f334,최보윤,국민의힘,본인,서울특별시 서초구 서초동 건물 79.87㎡ (건물 79.87㎡증가),1.4,,,,
2174,P7b9cc12,박홍근,더불어민주당,본인,서울특별시 중랑구 신내2동 신내11단지대명아파트 건물49.77㎡ 중 24.89㎡,1.4,,,,
2176,P7b9cc12,박홍근,더불어민주당,배우자,서울특별시 중랑구 신내2동 신내11단지대명아파트 건물49.77㎡ 중 24.89㎡,1.4,,,,
4196,P5b5213f,임미애,국회,본인,경상북도 의성군 의성읍 중리리 청구제네스2단지 건물84.77㎡,1.3,,,,
3483,P32ffffb,이광희,국회,배우자,충청북도 청주시 서원구 산남동 유승한내들아파트 건물59.89㎡,1.2,,,,
4671,P65eddec,정혜경,국회,배우자,경상남도 창원시 마산회원구 내서읍 삼계리삼계3주공아파트 건물 49.71㎡,1.2,,,,
4485,Pb0f5fd8,정성국,국회,본인,부산광역시 남구 용호동 데시앙해링턴플레이스파크시티건물 29.98㎡,1.2,,,,
4490,Pb0f5fd8,정성국,국회,배우자,부산광역시 남구 용호동 데시앙해링턴플레이스파크시티건물 29.98㎡,1.2,,,,
5717,Pfbfb43a,신항진,국회,모,광주광역시 남구 송하동 삼익아파트 건물 75.15㎡ (건물0.02㎡ 감소),1.1,,,,
4071,Pda4678e,이춘석,국회,본인,전북특별자치도 익산시 모현동1가 모현5차현대아파트건물 84.96㎡,1.1,,,,
4825,Pf1aa250,조인철,국회,본인,세종특별자치시 반곡동 수루배마을1단지 건물 96.79㎡ 중19.36㎡ (건물 지분면적0.36㎡ 증가),1.1,,,,
5109,P7f61ae4,최수진,국민의힘,부,"경기도 용인시 기흥구 상하동 지석마을 진흥더루벤스 건물 101.98㎡ 중 43.70㎡ (건물 총면적 101.98㎡ 증가,지분면적 43.70㎡ 증가)",1.1,,,,
3922,P69ce7b1,이정문,국회,모,충청남도 천안시 서북구 두정동 극동늘푸른아파트 건물59.91㎡,1.0,,,,
1062,P9cda32d,김재섭,국회,배우자,서울특별시 용산구 동빙고동 현대플라티앙Ⅰ 건물 12.41㎡(건물 12.41㎡ 증가),1.0,,,,
3060,P4911a91,어기구,국회,배우자,충청남도 당진시 원당동 원당마을 건물 59.10㎡,0.9,,,,
2353,Pd0543f5,백혜련,국회,본인,경기도 수원시 권선구 당수동 LH 수원당수1단지 d3블럭건물 112.00㎡ (건물 112.00㎡ 증가),0.9,,,,
4201,P5b5213f,임미애,국회,부,경상북도 의성군 의성읍 중리리 의성청구제네스1단지 건물59.70㎡,0.8,,,,
5311,P3ad4005,한창민,국회,배우자,대전광역시 동구 용운동 삼정하이츠타운 건물 72.42㎡,0.8,,,,
5107,P7f61ae4,최수진,국민의힘,본인,"경기도 용인시 기흥구 상하동 지석마을 진흥더루벤스 건물 101.98㎡ 중 29.13㎡ (건물 총면적 101.98㎡ 증가,지분면적 29.13㎡ 증가)",0.7,,,,
2094,P42198be,박찬대,국회,부,인천광역시 남구 주안동 광명아파트 건물 44.00㎡,0.7,,,,
855,P6504fcd,김영배,더불어민주당,부,경상남도 양산시 덕계동 대승하이아트아파트 건물 83.45㎡,0.7,,,,
3796,P9115d1f,이원택,국회,본인,전북특별자치도 김제시 신풍동 부영아파트3차 건물49.90㎡,0.7,,,,
684,P2f36e13,김상욱,국회,본인,울산광역시 울주군 범서읍 구영리 건물 0.00㎡ (건물120.36㎡ 감소),0.0,,,,
1181,Pfc7503e,김준혁,국회,본인,경기도 수원시 장안구 정자동 동남타운 건물 0.00㎡ (건물132.93㎡ 감소),0.0,,,,
2997,Pa71206a,안호영,국회,배우자,전북특별자치도 완주군 봉동읍 둔산리 모아엘가아파트건물 0.00㎡ (건물 69.85㎡ 감소),0.0,,,,
3090,P7a3a7f4,염태영,국회,배우자,경기도 수원시 장안구 정자동 연꽃마을 풍림아파트 건물0.00㎡ (건물 99.18㎡ 감소),0.0,,,,
3995,Pfcfc4ed,이주영,국민의힘,배우자,서울시 송파구 올림픽로33길 17 건물 0.00㎡ (건물 46.54㎡감소),0.0,,,,
4728,P82e0f6f,조계원,국회,모,전라남도 여수시 여서동 현대건설아파트 건물 0.00㎡(건물 146.74㎡ 감소),0.0,,,,
5088,P642f334,최보윤,국민의힘,본인,"서울특별시 서초구 서초동 신동아 건물 0.00㎡ 중 0.00㎡ (건물 총면적 132.10㎡ 감소, 지분면적 92.47㎡ 감소)",0.0,,,,
